1,nombre1,apellido1,edad1
2,nombre2,apellido2,edad2
3,nombre3,apellido3,edad3
4,nombre4,apellido4,edad4
5,nombre5,apellido5,edad5
6,nombre6,apellido6,edad6
7,nombre7,apellido7,edad7
8,nombre8,apellido8,edad8
9,nombre9,apellido9,edad9
10,nombre10,apellido10,edad10
11,nombre11,apellido11,edad11
12,nombre12,apellido12,edad12
13,nombre13,apellido13,edad13
14,nombre14,apellido14,edad14
15,nombre15,apellido15,edad15
16,nombre16,apellido16,edad16
17,nombre17,apellido17,edad17
18,nombre18,apellido18,edad18
19,nombre19,apellido19,edad19
20,nombre20,apellido20,edad20
21,nombre21,apellido21,edad21
22,nombre22,apellido22,edad22
23,nombre23,apellido23,edad23
24,nombre24,apellido24,edad24
25,nombre25,apellido25,edad25
26,nombre26,apellido26,edad26
27,nombre27,apellido27,edad27
28,nombre28,apellido28,edad28
29,nombre29,apellido29,edad29
30,nombre30,apellido30,edad30
31,nombre31,apellido31,edad31
32,nombre32,apellido32,edad32
33,nombre33,apellido33,edad33
34,nombre34,apellido34,edad34
35,nombre35,apellido35,edad35
36,nombre36,apellido36,edad36
37,nombre37,apellido37,edad37
38,nombre38,apellido38,edad38
39,nombre39,apellido39,edad39
40,nombre40,apellido40,edad40
41,nombre41,apellido41,edad41
42,nombre42,apellido42,edad42
43,nombre43,apellido43,edad43
44,nombre44,apellido44,edad44
45,nombre45,apellido45,edad45
46,nombre46,apellido46,edad46
47,nombre47,apellido47,edad47
48,nombre48,apellido48,edad48
49,nombre49,apellido49,edad49
50,nombre50,apellido50,edad50
